类型,测量尺寸,重量(g),单位编号,动物编号,测量时间,模式,图片,操作,坐标数据,标记选择,测量参数,修改时间
螺丝,螺旋部宽:18.5mm;第二螺层宽:8.7mm;壳口宽:14.7mm;壳宽:19.5mm;螺旋部高:16.9mm;体螺层高:21.0mm;第二螺层高:4.6mm;第一螺层高:7.7mm;壳口高:13.4mm;壳高:30.3mm;,0,1,3,2024-04-09 12:44:12,拍摄,1_3_20240409_124412,删除,859;338;788;408;657;469;531;345;490;274;476;199;535;186;593;192;690;235;753;222;375;134;944;137;939;578;,1;1;1;1;1;1;1;1;1;1;1;1;1;1;,螺旋部宽:3;9;1;第二螺层宽:4;9;1;壳口宽:2;10;1;壳宽:3;10;1;螺旋部高:6;9;0;体螺层高:8;1;0;第二螺层高:7;8;0;第一螺层高:8;9;0;壳口高:9;1;0;壳高:6;1;0;,2024-04-09 12:44:12
螺丝,螺旋部宽:18.7mm;第二螺层宽:9.2mm;壳口宽:16.5mm;壳宽:21.8mm;螺旋部高:18.8mm;体螺层高:23.7mm;第二螺层高:5.5mm;第一螺层高:7.8mm;壳口高:15.9mm;壳高:34.7mm;,0,1,2,2024-04-09 12:43:57,拍摄,1_2_20240409_124357,删除,876;338;793;426;641;493;512;373;458;295;437;207;506;192;576;199;675;256;754;217;375;133;945;140;937;581;,1;1;1;1;1;1;1;1;1;1;1;1;1;1;,螺旋部宽:3;9;1;第二螺层宽:4;9;1;壳口宽:2;10;1;壳宽:3;10;1;螺旋部高:6;9;0;体螺层高:8;1;0;第二螺层高:7;8;0;第一螺层高:8;9;0;壳口高:9;1;0;壳高:6;1;0;,2024-04-09 12:43:57
螺丝,螺旋部宽:14.2mm;第二螺层宽:6.9mm;壳口宽:12.2mm;壳宽:16.3mm;螺旋部高:16.0mm;体螺层高:17.1mm;第二螺层高:4.5mm;第一螺层高:6.9mm;壳口高:10.2mm;壳高:26.3mm;,0,1,1,2024-04-09 12:43:14,拍摄,1_1_20240409_124314,删除,829;339;788;404;683;452;590;366;548;315;518;251;573;234;626;237;708;284;754;259;396;130;929;124;930;564;,1;1;1;1;1;1;1;1;1;1;1;1;1;1;,螺旋部宽:3;9;1;第二螺层宽:4;9;1;壳口宽:2;10;1;壳宽:3;10;1;螺旋部高:6;9;0;体螺层高:8;1;0;第二螺层高:7;8;0;第一螺层高:8;9;0;壳口高:9;1;0;壳高:6;1;0;,2024-04-09 12:43:14
螺丝,螺旋部宽:17.6mm;第二螺层宽:9.3mm;壳口宽:14.1mm;壳宽:19.1mm;螺旋部高:17.8mm;体螺层高:20.4mm;第二螺层高:4.7mm;第一螺层高:8.2mm;壳口高:12.2mm;壳高:30.0mm;,0,1,12,2024-04-09 12:42:59,拍摄,1_12_20240409_124259,删除,845;331;783;409;650;473;532;366;485;300;460;224;523;209;583;212;688;247;746;228;371;127;949;124;945;565;,1;1;1;1;1;1;1;1;1;1;1;1;1;1;,螺旋部宽:3;9;1;第二螺层宽:4;9;1;壳口宽:2;10;1;壳宽:3;10;1;螺旋部高:6;9;0;体螺层高:8;1;0;第二螺层高:7;8;0;第一螺层高:8;9;0;壳口高:9;1;0;壳高:6;1;0;,2024-04-09 12:42:59
螺丝,螺旋部宽:17.2mm;第二螺层宽:7.8mm;壳口宽:14.5mm;壳宽:18.1mm;螺旋部高:15.3mm;体螺层高:18.4mm;第二螺层高:4.0mm;第一螺层高:7.4mm;壳口高:11.0mm;壳高:26.3mm;,0,1,11,2024-04-09 12:42:19,拍摄,1_11_20240409_124219,删除,830;367;784;435;674;475;581;371;550;319;537;264;580;249;625;250;707;284;755;274;419;127;920;134;913;569;,1;1;1;1;1;1;1;1;1;1;1;1;1;1;,螺旋部宽:3;9;1;第二螺层宽:4;9;1;壳口宽:2;10;1;壳宽:3;10;1;螺旋部高:6;9;0;体螺层高:8;1;0;第二螺层高:7;8;0;第一螺层高:8;9;0;壳口高:9;1;0;壳高:6;1;0;,2024-04-09 12:42:19
螺丝,螺旋部宽:16.5mm;第二螺层宽:8.4mm;壳口宽:13.7mm;壳宽:17.6mm;螺旋部高:15.1mm;体螺层高:18.7mm;第二螺层高:4.3mm;第一螺层高:7.2mm;壳口高:11.5mm;壳高:26.6mm;,0,1,10,2024-04-09 12:41:58,拍摄,1_10_20240409_124158,删除,831;362;782;426;672;472;573;377;535;325;518;268;561;249;611;249;696;278;747;265;401;127;930;131;927;569;,1;1;1;1;1;1;1;1;1;1;1;1;1;1;,螺旋部宽:3;9;1;第二螺层宽:4;9;1;壳口宽:2;10;1;壳宽:3;10;1;螺旋部高:6;9;0;体螺层高:8;1;0;第二螺层高:7;8;0;第一螺层高:8;9;0;壳口高:9;1;0;壳高:6;1;0;,2024-04-09 12:41:58
螺丝,螺旋部宽:18.6mm;第二螺层宽:10.7mm;壳口宽:14.2mm;壳宽:19.8mm;螺旋部高:19.2mm;体螺层高:21.7mm;第二螺层高:4.7mm;第一螺层高:9.3mm;壳口高:12.4mm;壳高:31.5mm;,0,1,9,2024-04-09 12:41:20,拍摄,1_9_20240409_124120,删除,863;349;806;422;672;494;549;393;492;329;458;254;524;232;584;230;704;255;764;240;372;127;950;128;944;570;,1;1;1;1;1;1;1;1;1;1;1;1;1;1;,螺旋部宽:3;9;1;第二螺层宽:4;9;1;壳口宽:2;10;1;壳宽:3;10;1;螺旋部高:6;9;0;体螺层高:8;1;0;第二螺层高:7;8;0;第一螺层高:8;9;0;壳口高:9;1;0;壳高:6;1;0;,2024-04-09 12:41:20
螺丝,螺旋部宽:18.8mm;第二螺层宽:9.7mm;壳口宽:15.0mm;壳宽:21.0mm;螺旋部高:20.5mm;体螺层高:22.9mm;第二螺层高:5.5mm;第一螺层高:9.2mm;壳口高:13.7mm;壳高:34.2mm;,0,1,8,2024-04-09 12:41:02,拍摄,1_8_20240409_124102,删除,878;340;810;421;671;498;535;383;480;317;442;237;516;215;586;216;703;259;763;230;374;129;947;127;944;567;,1;1;1;1;1;1;1;1;1;1;1;1;1;1;,螺旋部宽:3;9;1;第二螺层宽:4;9;1;壳口宽:2;10;1;壳宽:3;10;1;螺旋部高:6;9;0;体螺层高:8;1;0;第二螺层高:7;8;0;第一螺层高:8;9;0;壳口高:9;1;0;壳高:6;1;0;,2024-04-09 12:41:02
螺丝,螺旋部宽:16.5mm;第二螺层宽:8.5mm;壳口宽:13.5mm;壳宽:18.2mm;螺旋部高:18.8mm;体螺层高:20.5mm;第二螺层高:5.2mm;第一螺层高:8.2mm;壳口高:12.4mm;壳高:31.2mm;,0,1,7,2024-04-09 12:40:46,拍摄,1_7_20240409_124046,删除,859;396;795;468;662;528;549;426;493;358;463;276;532;263;598;270;702;318;764;297;370;136;942;141;934;583;,1;1;1;1;1;1;1;1;1;1;1;1;1;1;,螺旋部宽:3;9;1;第二螺层宽:4;9;1;壳口宽:2;10;1;壳宽:3;10;1;螺旋部高:6;9;0;体螺层高:8;1;0;第二螺层高:7;8;0;第一螺层高:8;9;0;壳口高:9;1;0;壳高:6;1;0;,2024-04-09 12:40:46
螺丝,螺旋部宽:17.1mm;第二螺层宽:9.5mm;壳口宽:13.2mm;壳宽:18.2mm;螺旋部高:18.1mm;体螺层高:20.2mm;第二螺层高:4.9mm;第一螺层高:8.6mm;壳口高:11.6mm;壳高:29.7mm;,0,1,6,2024-04-09 12:40:18,拍摄,1_6_20240409_124018,删除,839;340;783;410;655;474;535;376;484;308;459;239;518;218;581;219;691;255;743;241;371;130;947;128;945;569;,1;1;1;1;1;1;1;1;1;1;1;1;1;1;,螺旋部宽:3;9;1;第二螺层宽:4;9;1;壳口宽:2;10;1;壳宽:3;10;1;螺旋部高:6;9;0;体螺层高:8;1;0;第二螺层高:7;8;0;第一螺层高:8;9;0;壳口高:9;1;0;壳高:6;1;0;,2024-04-09 12:40:18
螺丝,螺旋部宽:18.1mm;第二螺层宽:8.4mm;壳口宽:14.8mm;壳宽:19.3mm;螺旋部高:16.8mm;体螺层高:20.8mm;第二螺层高:4.6mm;第一螺层高:7.5mm;壳口高:13.2mm;壳高:30.0mm;,0,1,5,2024-04-09 12:39:57,拍摄,1_5_20240409_123957,删除,864;350;798;426;665;482;541;360;503;297;485;230;544;215;602;217;697;254;760;239;375;129;943;129;942;570;,1;1;1;1;1;1;1;1;1;1;1;1;1;1;,螺旋部宽:3;9;1;第二螺层宽:4;9;1;壳口宽:2;10;1;壳宽:3;10;1;螺旋部高:6;9;0;体螺层高:8;1;0;第二螺层高:7;8;0;第一螺层高:8;9;0;壳口高:9;1;0;壳高:6;1;0;,2024-04-09 12:39:57
螺丝,螺旋部宽:17.5mm;第二螺层宽:8.6mm;壳口宽:14.1mm;壳宽:19.7mm;螺旋部高:15.4mm;体螺层高:19.7mm;第二螺层高:3.8mm;第一螺层高:6.1mm;壳口高:13.6mm;壳高:28.9mm;,0,1,4,2024-04-09 12:39:25,拍摄,1_4_20240409_123925,删除,868;379;804;439;694;504;589;401;560;347;533;277;596;269;640;275;711;301;772;276;399;135;920;137;914;583;,1;1;1;1;1;1;1;1;1;1;1;1;1;1;,螺旋部宽:3;9;1;第二螺层宽:4;9;1;壳口宽:2;10;1;壳宽:3;10;1;螺旋部高:6;9;0;体螺层高:8;1;0;第二螺层高:7;8;0;第一螺层高:8;9;0;壳口高:9;1;0;壳高:6;1;0;,2024-04-09 12:39:25
螺丝,螺旋部宽:17.7mm;第二螺层宽:11.2mm;壳口宽:13.3mm;壳宽:20.1mm;螺旋部高:16.0mm;体螺层高:21.2mm;第二螺层高:4.5mm;第一螺层高:7.3mm;壳口高:13.9mm;壳高:29.9mm;,0,1,3,2024-04-09 12:38:57,拍摄,1_3_20240409_123857,删除,867;327;812;396;708;475;605;399;556;355;519;296;568;267;620;261;705;269;775;241;408;118;931;107;943;548;,1;1;1;1;1;1;1;1;1;1;1;1;1;1;,螺旋部宽:3;9;1;第二螺层宽:4;9;1;壳口宽:2;10;1;壳宽:3;10;1;螺旋部高:6;9;0;体螺层高:8;1;0;第二螺层高:7;8;0;第一螺层高:8;9;0;壳口高:9;1;0;壳高:6;1;0;,2024-04-09 12:38:57
螺丝,螺旋部宽:17.0mm;第二螺层宽:12.0mm;壳口宽:12.5mm;壳宽:20.3mm;螺旋部高:17.5mm;体螺层高:22.7mm;第二螺层高:4.8mm;第一螺层高:8.6mm;壳口高:14.1mm;壳高:31.6mm;,0,1,2,2024-04-09 12:38:21,拍摄,1_2_20240409_123821,删除,844;331;791;404;691;499;572;438;508;398;458;344;509;308;567;290;672;291;750;251;380;140;929;132;933;573;,1;1;1;1;1;1;1;1;1;1;1;1;1;1;,螺旋部宽:3;9;1;第二螺层宽:4;9;1;壳口宽:2;10;1;壳宽:3;10;1;螺旋部高:6;9;0;体螺层高:8;1;0;第二螺层高:7;8;0;第一螺层高:8;9;0;壳口高:9;1;0;壳高:6;1;0;,2024-04-09 12:38:21
螺丝,螺旋部宽:19.6mm;第二螺层宽:9.6mm;壳口宽:16.8mm;壳宽:22.9mm;螺旋部高:19.1mm;体螺层高:23.7mm;第二螺层高:5.0mm;第一螺层高:8.8mm;壳口高:14.9mm;壳高:34.0mm;,0,1,1,2024-04-09 12:37:58,拍摄,1_1_20240409_123758,删除,896;376;827;463;692;534;568;417;525;350;498;265;561;243;619;245;722;304;793;266;393;134;920;132;921;579;,1;1;1;1;1;1;1;1;1;1;1;1;1;1;,螺旋部宽:3;9;1;第二螺层宽:4;9;1;壳口宽:2;10;1;壳宽:3;10;1;螺旋部高:6;9;0;体螺层高:8;1;0;第二螺层高:7;8;0;第一螺层高:8;9;0;壳口高:9;1;0;壳高:6;1;0;,2024-04-09 12:37:58
螺丝,螺旋部宽:16.9mm;第二螺层宽:9.7mm;壳口宽:13.6mm;壳宽:18.6mm;螺旋部高:17.0mm;体螺层高:20.1mm;第二螺层高:4.8mm;第一螺层高:8.1mm;壳口高:12.0mm;壳高:29.0mm;,0,10,6,2024-04-09 11:44:38,拍摄,10_6_20240409_114438,删除,841;439;781;520;650;588;534;491;479;435;448;368;503;340;568;337;678;359;745;336;323;179;933;182;925;647;,1;1;1;1;1;1;1;1;1;1;1;1;1;1;,螺旋部宽:3;9;1;第二螺层宽:4;9;1;壳口宽:2;10;1;壳宽:3;10;1;螺旋部高:6;9;0;体螺层高:8;1;0;第二螺层高:7;8;0;第一螺层高:8;9;0;壳口高:9;1;0;壳高:6;1;0;,2024-04-09 11:44:38
螺丝,螺旋部宽:15.9mm;第二螺层宽:9.0mm;壳口宽:13.4mm;壳宽:19.6mm;螺旋部高:14.0mm;体螺层高:21.0mm;第二螺层高:4.0mm;第一螺层高:6.2mm;壳口高:14.8mm;壳高:28.8mm;,0,10,5,2024-04-09 11:43:58,拍摄,10_5_20240409_114358,删除,818;370;738;456;631;540;506;446;458;398;428;336;480;309;534;299;618;324;701;274;324;184;934;189;926;657;,1;1;1;1;1;1;1;1;1;1;1;1;1;1;,螺旋部宽:3;9;1;第二螺层宽:4;9;1;壳口宽:2;10;1;壳宽:3;10;1;螺旋部高:6;9;0;体螺层高:8;1;0;第二螺层高:7;8;0;第一螺层高:8;9;0;壳口高:9;1;0;壳高:6;1;0;,2024-04-09 11:43:58
螺丝,螺旋部宽:16.3mm;第二螺层宽:7.8mm;壳口宽:13.4mm;壳宽:18.1mm;螺旋部高:14.7mm;体螺层高:19.1mm;第二螺层高:4.3mm;第一螺层高:6.3mm;壳口高:12.8mm;壳高:27.5mm;,0,10,4,2024-04-09 11:42:49,拍摄,10_4_20240409_114249,删除,829;396;761;470;638;532;519;418;476;357;461;292;516;275;573;276;658;313;728;290;327;187;930;185;929;649;,1;1;1;1;1;1;1;1;1;1;1;1;1;1;,螺旋部宽:3;9;1;第二螺层宽:4;9;1;壳口宽:2;10;1;壳宽:3;10;1;螺旋部高:6;9;0;体螺层高:8;1;0;第二螺层高:7;8;0;第一螺层高:8;9;0;壳口高:9;1;0;壳高:6;1;0;,2024-04-09 11:42:49
螺丝,螺旋部宽:17.2mm;第二螺层宽:9.0mm;壳口宽:14.3mm;壳宽:19.3mm;螺旋部高:18.3mm;体螺层高:22.2mm;第二螺层高:5.0mm;第一螺层高:8.4mm;壳口高:13.7mm;壳高:32.1mm;,0,10,3,2024-04-09 11:42:13,拍摄,10_3_20240409_114213,删除,864;452;793;537;644;605;515;492;460;428;423;354;490;331;559;331;675;368;755;340;320;186;939;181;937;650;,1;1;1;1;1;1;1;1;1;1;1;1;1;1;,螺旋部宽:3;9;1;第二螺层宽:4;9;1;壳口宽:2;10;1;壳宽:3;10;1;螺旋部高:6;9;0;体螺层高:8;1;0;第二螺层高:7;8;0;第一螺层高:8;9;0;壳口高:9;1;0;壳高:6;1;0;,2024-04-09 11:42:13
螺丝,螺旋部宽:16.5mm;第二螺层宽:6.8mm;壳口宽:14.1mm;壳宽:17.9mm;螺旋部高:15.5mm;体螺层高:19.8mm;第二螺层高:4.5mm;第一螺层高:6.3mm;壳口高:13.6mm;壳高:29.1mm;,0,10,2,2024-04-09 11:41:57,拍摄,10_2_20240409_114157,删除,870;465;796;540;662;591;536;461;499;400;480;331;543;319;604;326;688;370;761;351;327;186;931;183;930;652;,1;1;1;1;1;1;1;1;1;1;1;1;1;1;,螺旋部宽:3;9;1;第二螺层宽:4;9;1;壳口宽:2;10;1;壳宽:3;10;1;螺旋部高:6;9;0;体螺层高:8;1;0;第二螺层高:7;8;0;第一螺层高:8;9;0;壳口高:9;1;0;壳高:6;1;0;,2024-04-09 11:41:57
螺丝,螺旋部宽:17.8mm;第二螺层宽:7.9mm;壳口宽:15.1mm;壳宽:19.4mm;螺旋部高:16.8mm;体螺层高:20.3mm;第二螺层高:4.4mm;第一螺层高:7.3mm;壳口高:13.0mm;壳高:29.9mm;,0,10,1,2024-04-09 11:37:30,拍摄,10_1_20240409_113730,删除,1029;471;963;541;827;594;717;471;683;408;660;336;724;321;778;327;868;374;932;354;523;183;1079;185;1070;655;,1;1;1;1;1;1;1;1;1;1;1;1;1;1;,螺旋部宽:3;9;1;第二螺层宽:4;9;1;壳口宽:2;10;1;壳宽:3;10;1;螺旋部高:6;9;0;体螺层高:8;1;0;第二螺层高:7;8;0;第一螺层高:8;9;0;壳口高:9;1;0;壳高:6;1;0;,2024-04-09 11:37:30
螺丝,螺旋部宽:17.9mm;第二螺层宽:8.1mm;壳口宽:15.3mm;壳宽:19.5mm;螺旋部高:17.0mm;体螺层高:19.7mm;第二螺层高:4.7mm;第一螺层高:7.4mm;壳口高:12.3mm;壳高:29.3mm;,0,1,1,2024-04-09 11:16:43,拍摄,1_1_20240409_111643,删除,1003;449;946;520;816;570;712;453;676;392;653;324;712;307;768;312;856;356;916;337;522;174;1060;176;1052;632;,1;1;1;1;1;1;1;1;1;1;1;1;1;1;,螺旋部宽:3;9;1;第二螺层宽:4;9;1;壳口宽:2;10;1;壳宽:3;10;1;螺旋部高:6;9;0;体螺层高:8;1;0;第二螺层高:7;8;0;第一螺层高:8;9;0;壳口高:9;1;0;壳高:6;1;0;,2024-04-09 11:16:43
